[{
    "fields": {
        "content": "Let's see if this post can drum up some serious page hits!",
        "title": "Hello World"
    },
    "model": "blog.post",
    "pk": 1
}, {
    "fields": {
        "content": "Going to get even more hits with this clever post.  Just you wait!",
        "title": "Catchy Title"
    },
    "model": "blog.post",
    "pk": 2
}, {
    "fields": {
        "content": "Wow - what strides we are making!\r\n\r\nNice work.",
        "title": "Our third blog post"
    },
    "model": "blog.post",
    "pk": 3
}]